item_id,rest_name,item_name,category,serving_size,calories,fat,sat_fat,trans_fat,cholesterol,sodium,carbohydrates,fiber,sugar,protein,allergens
1,Chick-Fil-A,Chick-fil-A® Chicken Biscuit,breakfast,153g,460,23,8,0,45,1510,45,2,6,19,
2,Chick-Fil-A,Spicy Chicken Biscuit,breakfast,153g,450,22,8,0,40,1570,44,2,5,19,
3,Chick-Fil-A,Chick-fil-A Chick-n-Minis®,breakfast,127g,360,13,4,0,60,1060,41,2,8,20,
4,Chick-Fil-A,4 ct Chick-fil-A Chick-n-Minis®,breakfast,127g,360,13,4,0,60,1060,41,2,8,20,
5,Chick-Fil-A,10 ct Chick-fil-A Chick-n-Minis®,breakfast,318g,910,34,10,0,150,2640,103,6,19,49,
6,Chick-Fil-A,Egg White Grill,breakfast,172g,300,8,4,0,65,990,29,1,2,27,
7,Chick-Fil-A,Hash Brown Scramble Burrito,breakfast,304g,700,40,12,0.5,415,1770,51,3,2,34,
8,Chick-Fil-A,Hash Brown Scramble Burrito w/ Nuggets,breakfast,304g,700,40,12,0.5,415,1770,51,3,2,34,
9,Chick-Fil-A,Hash Brown Scramble Burrito w/ Sausage,breakfast,283g,720,47,16,0.5,395,1450,46,3,1,28,
10,Chick-Fil-A,Hash Brown Scramble Burrito w/ Grilled Filet,breakfast,304g,650,36,12,0.5,420,1650,46,3,2,36,
11,Chick-Fil-A,Hash Brown Scramble Burrito w/ Spicy Chicken,breakfast,266g,660,37,11,0.5,250,1750,54,3,2,28,
12,Chick-Fil-A,Hash Brown Scramble Burrito w/ Bacon,breakfast,271g,680,42,14,0.5,395,1630,46,3,2,30,
13,Chick-Fil-A,Hash Brown Scramble Burrito w/ No Meat,breakfast,251g,580,34,11,0.5,330,1200,47,5,1,22,
14,Chick-Fil-A,Hash Brown Scramble Burrito w/ Nuggets - no hash browns,breakfast,261g,550,30,11,0.5,415,1530,38,2,2,33,
15,Chick-Fil-A,Hash Brown Scramble Burrito w/ Sausage - no hash browns,breakfast,240g,570,37,14,0.5,395,1200,34,2,1,26,
16,Chick-Fil-A,Hash Brown Scramble Burrito w/ Grilled Filet - no hash brown,breakfast,261g,500,26,10,0.5,420,1410,34,2,2,35,
17,Chick-Fil-A,Hash Brown Scramble Burrito w/ Spicy Chicken - no hash browns,breakfast,234g,530,27,10,0.5,255,1620,40,2,2,31,
18,Chick-Fil-A,Hash Brown Scramble Burrito w/ Bacon - no hash browns,breakfast,228g,540,32,13,0.5,395,1230,34,2,2,27,
19,Chick-Fil-A,Hash Brown Scramble Burrito w/ No Meat - no hash browns,breakfast,208g,440,24,10,0.5,330,950,35,3,1,21,
20,Chick-Fil-A,Hash Brown Scramble Bowl,breakfast,233g,470,30,9,0,415,1350,19,2,2,29,
21,Chick-Fil-A,Hash Brown Scramble Bowl w/ Nuggets,breakfast,233g,470,30,9,0,415,1350,19,2,2,29,
22,Chick-Fil-A,Hash Brown Scramble Bowl w/ Sausage,breakfast,212g,480,37,12,0,395,1020,15,2,1,23,
23,Chick-Fil-A,Hash Brown Scramble Bowl w/ Grilled Filet,breakfast,233g,420,26,8,0,420,1230,15,2,2,31,
24,Chick-Fil-A,Hash Brown Scramble Bowl w/ Spicy Chicken,breakfast,251g,500,32,9,0,420,1590,21,2,2,32,
25,Chick-Fil-A,Hash Brown Scramble Bowl w/ Bacon,breakfast,200g,450,32,11,0,395,1060,15,2,2,23,
26,Chick-Fil-A,Hash Brown Scramble Bowl w/ No Meat,breakfast,180g,350,24,8,0,330,770,16,3,1,17,
27,Chick-Fil-A,Hash Brown Scramble Bowl w/ Nuggets - no hash browns,breakfast,190g,320,20,8,0,415,1100,7,0,2,28,
28,Chick-Fil-A,Hash Brown Scramble Bowl w/ Sausage - no hash browns,breakfast,169g,340,27,11,0,395,780,2,0,1,21,
29,Chick-Fil-A,Hash Brown Scramble Bowl w/ Grilled Filet - no hash browns,breakfast,190g,270,16,7,0,420,980,2,1,2,30,
30,Chick-Fil-A,Hash Brown Scramble Bowl w/ Spicy Chicken - no hash browns,breakfast,208g,350,22,8,0,420,1340,9,0,2,31,
31,Chick-Fil-A,Hash Brown Scramble Bowl w/ Bacon - no hash browns,breakfast,158g,300,22,10,0,395,810,2,0,2,22,
32,Chick-Fil-A,Hash Brown Scramble Bowl w/ No Meat - no hash browns,breakfast,137g,200,14,6,0,330,530,3,2,1,16,
33,Chick-Fil-A,"Chicken, Egg & Cheese Biscuit",breakfast,211g,550,28,12,0,215,1870,48,3,7,27,
34,Chick-Fil-A,"Bacon, Egg & Cheese Biscuit",breakfast,145g,420,23,11,0,180,1220,38,2,4,15,
35,Chick-Fil-A,"Sausage, Egg & Cheese Biscuit",breakfast,192g,620,42,18,0,205,1510,38,2,4,22,
36,Chick-Fil-A,"Chicken, Egg & Cheese Muffin",breakfast,187g,410,18,6,0,215,1320,36,1,4,27,
37,Chick-Fil-A,"Bacon, Egg & Cheese Muffin",breakfast,126g,300,13,6,0,180,780,28,1,2,16,
38,Chick-Fil-A,"Sausage, Egg & Cheese Muffin",breakfast,173g,490,32,13,0,205,1000,29,1,1,23,
39,Chick-Fil-A,Hash Browns,breakfast,77g,270,18,2.5,0,0,440,23,3,0,3,
40,Chick-Fil-A,Small Hash Browns,breakfast,77g,270,18,2.5,0,0,440,23,3,0,3,
41,Chick-Fil-A,Large Hash Browns,breakfast,121g,420,29,4,0,0,700,35,4,0,4,
42,Chick-Fil-A,Berry Parfait,breakfast,206g,270,9,3.5,0,20,85,35,1,26,13,
43,Chick-Fil-A,Berry Parfait w/ Cookie Crumbs,breakfast,195g,240,8,3.5,0,20,85,31,1,25,12,
44,Chick-Fil-A,Berry Parfait w/ Granola,breakfast,206g,270,9,3.5,0,20,85,35,1,26,13,
45,Chick-Fil-A,Fruit Cup,breakfast,125g,70,0,0,0,0,0,16,2,12,1,
46,Chick-Fil-A,Small Fruit Cup,breakfast,107g,60,0,0,0,0,0,14,2,11,1,
47,Chick-Fil-A,Medium Fruit Cup,breakfast,125g,70,0,0,0,0,0,16,2,12,1,
48,Chick-Fil-A,Large Fruit Cup,breakfast,215g,120,0,0,0,0,0,28,4,21,1,
49,Chick-Fil-A,Breakfast Breads,breakfast,81g,290,15,6,0,0,760,37,2,4,4,
50,Chick-Fil-A,Buttery Biscuit,breakfast,81g,290,15,6,0,0,760,37,2,4,4,
51,Chick-Fil-A,English Muffin,breakfast,58g,140,1,0,0,0,190,27,1,1,5,
52,Chick-Fil-A,4 ct Mini Yeast Rolls,breakfast,70g,240,8,2.5,0,20,450,36,2,7,6,
53,Chick-Fil-A,Pretzel Cheddar Club Sandwich w/ Chick-fil-A® Filet,entree,283g,690,34,10.5,0,105,1790,55,2,8,39,
54,Chick-Fil-A,Pretzel Cheddar Club Sandwich w/ Spicy Filet,entree,288g,720,35,10.5,0,105,2050,59,2,8,38,
55,Chick-Fil-A,Pretzel Cheddar Club Sandwich w/ Grilled Filet,entree,252g,550,24,8.5,0,110,1040,44,2,7,36,
56,Chick-Fil-A,Chick-fil-A® Chicken Sandwich,entree,183g,420,18,3.5,0,70,1460,41,1,6,29,
57,Chick-Fil-A,Chick-fil-A® Deluxe Sandwich,entree,247g,490,22,6,0,85,1700,43,1,7,32,
58,Chick-Fil-A,Chick-fil-A® Deluxe Sandwich w/ American,entree,247g,490,22,6,0,85,1700,43,1,7,32,
59,Chick-Fil-A,Chick-fil-A® Deluxe Sandwich w/ Colby Jack,entree,254g,510,24,8,0,90,1610,43,1,7,34,
60,Chick-Fil-A,Chick-fil-A® Deluxe Sandwich w/ Pepper Jack,entree,254g,520,24,8,0,90,1610,43,1,7,35,
61,Chick-Fil-A,Chick-fil-A® Deluxe Sandwich w/ No Cheese,entree,233g,430,18,3.5,0,70,1470,43,1,7,29,
62,Chick-Fil-A,Spicy Chicken Sandwich,entree,188g,450,19,4,0,65,1730,45,1,6,28,
63,Chick-Fil-A,Spicy Deluxe Sandwich,entree,259g,540,26,8,0,85,1880,47,2,7,34,
64,Chick-Fil-A,Spicy Deluxe Sandwich w/ Pepper Jack,entree,259g,540,26,8,0,85,1880,47,2,7,34,
65,Chick-Fil-A,Spicy Deluxe Sandwich w/ American,entree,252g,510,23,6,0,80,1970,47,2,7,31,
66,Chick-Fil-A,Spicy Deluxe Sandwich w/ Colby Jack,entree,259g,540,26,8,0,85,1880,47,2,7,34,
67,Chick-Fil-A,Spicy Deluxe Sandwich w/ No Cheese,entree,238g,460,19,4,0,65,1730,46,2,7,28,
68,Chick-Fil-A,Grilled Chicken Sandwich,entree,206g,390,11,2.5,0,75,765,45,3,11,28,
69,Chick-Fil-A,Chick-fil-A® Grilled Chicken Club Sandwich,entree,237g,520,22,8,0,105,1055,45,3,12,37,
70,Chick-Fil-A,Grilled Chicken Club w/ Colby Jack,entree,237g,520,22,8,0,105,1055,45,3,12,37,
71,Chick-Fil-A,Grilled Chicken Club w/ American,entree,230g,490,19,6,0,100,1145,45,3,12,34,
72,Chick-Fil-A,Grilled Chicken Club w/ Pepper Jack,entree,237g,520,22,8,0,105,1045,45,3,12,37,
73,Chick-Fil-A,Grilled Chicken Club w/ No Cheese,entree,216g,440,15,4,0,85,905,45,3,11,31,
74,Chick-Fil-A,Chick-fil-A® Nuggets,entree,113g,250,11,2.5,0,85,1210,11,0,1,27,
75,Chick-Fil-A,5 ct Chick-fil-A® Nuggets,entree,71g,160,7,1.5,0,50,760,7,0,1,17,
76,Chick-Fil-A,8 ct Chick-fil-A® Nuggets,entree,113g,250,11,2.5,0,85,1210,11,0,1,27,
77,Chick-Fil-A,12 ct Chick-fil-A® Nuggets,entree,170g,380,17,3.5,0,125,1820,16,0,1,40,
78,Chick-Fil-A,30 ct Chick-fil-A® Nuggets,entree,425g,950,43,9,0,315,4550,41,0,4,100,
79,Chick-Fil-A,Grilled Nuggets,entree,95g,130,3,0.5,0,85,440,1,0,1,25,
80,Chick-Fil-A,5 ct Grilled Nuggets,entree,59g,80,2,0,0,55,270,1,0,0,16,
81,Chick-Fil-A,8 ct Grilled Nuggets,entree,95g,130,3,0.5,0,85,440,1,0,1,25,
82,Chick-Fil-A,12 ct Grilled Nuggets,entree,142g,200,4.5,1,0,130,660,2,0,1,38,
83,Chick-Fil-A,30 ct Grilled Nuggets,entree,369g,510,11,3,0,335,1710,4,1,3,98,
84,Chick-Fil-A,Chick-fil-A Chick-n-Strips®,entree,136g,310,14,2.5,0,75,870,16,0,2,29,
85,Chick-Fil-A,2 ct Chick-fil-A Chick-n-Strips®,entree,91g,200,9,2,0,50,580,11,0,1,19,
86,Chick-Fil-A,3 ct Chick-fil-A Chick-n-Strips®,entree,136g,310,14,2.5,0,75,870,16,0,2,29,
87,Chick-Fil-A,4 ct Chick-fil-A Chick-n-Strips®,entree,181g,410,19,3.5,0,100,1150,22,0,2,39,
88,Chick-Fil-A,10 ct Chick-fil-A Chick-n-Strips®,entree,452g,1020,46,9,0,250,2870,54,0,6,96,
89,Chick-Fil-A,Chick-fil-A Cool Wrap®,entree,231g,660,45,9,0,110,1420,32,14,5,43,
90,Chick-Fil-A,Hot Brown,entree,354g,740,42,18,0,175,2330,38,0,8,48,
91,Chick-Fil-A,Hot Brown w/ Nuggets,entree,354g,740,42,18,0,175,2330,38,0,8,48,
92,Chick-Fil-A,Hot Brown w/ Spicy Breakfast Filet,entree,372g,750,41,17,0,165,2670,41,0,9,50,
93,Chick-Fil-A,Hot Brown w/ Grilled Breakfast Filet,entree,373g,770,43,17,0,170,2550,42,0,12,49,
94,Chick-Fil-A,Hot Brown w/ Sausage,entree,343g,930,72,30,0,155,1920,28,0,8,40,
95,Chick-Fil-A,Hot Brown w/ Grilled Nuggets,entree,335g,610,33,17,0,175,1560,28,1,8,46,
96,Chick-Fil-A,Hot Brown w/ Spicy Filet,entree,361g,760,44,19,0,160,2500,43,1,9,44,
97,Chick-Fil-A,Cobb Salad,salad,411g,830,60,13,0,230,2220,31,5,8,42,
98,Chick-Fil-A,Cobb Salad w/ Nuggets,salad,411g,830,60,13,0,230,2220,31,5,8,42,
99,Chick-Fil-A,Cobb Salad w/ Spicy Grilled Filet (Cold),salad,383g,690,51,11,0,210,1740,23,6,8,34,
100,Chick-Fil-A,Cobb Salad w/ Grilled Nuggets,salad,392g,710,52,11,0,230,1450,22,6,8,40,
101,Chick-Fil-A,Cobb Salad w/ Chick-fil-A Chick-n-Strips®,salad,434g,890,63,13,0,220,1880,37,5,9,44,
102,Chick-Fil-A,Cobb Salad w/ Grilled Filet (Cold),salad,383g,690,50,11,0,220,1390,22,5,8,36,
103,Chick-Fil-A,Cobb Salad w/ Chick-fil-A® Filet,salad,413g,830,60,13,0,215,2130,33,5,9,39,
104,Chick-Fil-A,Cobb Salad w/ Spicy Filet,salad,418g,860,62,13,0,210,2400,37,6,9,38,
105,Chick-Fil-A,Cobb Salad w/ Grilled Filet (Warm),salad,382g,690,50,11,0,215,1380,22,5,8,36,
106,Chick-Fil-A,Cobb Salad w/ No Chicken,salad,298g,580,49,11,0,145,1010,21,5,7,15,
107,Chick-Fil-A,Spicy Southwest Salad,salad,424g,680,49,10,0,100,1570,27,7,7,33,
108,Chick-Fil-A,Spicy Southwest Salad w/ Spicy Grilled Filet (Cold),salad,424g,680,49,10,0,100,1570,27,7,7,33,
109,Chick-Fil-A,Spicy Southwest Salad w/ Grilled Filet (Cold),salad,424g,680,48,9.5,0,110,1220,26,7,7,35,
110,Chick-Fil-A,Spicy Southwest Salad w/ Nuggets,salad,448g,800,56,11,0,120,2050,35,7,7,39,
111,Chick-Fil-A,Spicy Southwest Salad w/ Grilled Nuggets,salad,434g,700,49,10,0,125,1290,26,7,7,39,
112,Chick-Fil-A,Spicy Southwest Salad w/ Chick-fil-A Chick-n-Strips®,salad,475g,880,60,12,0,115,1710,41,7,8,43,
113,Chick-Fil-A,Spicy Southwest Salad w/ Chick-fil-A® Filet,salad,450g,800,56,11,0,110,1950,37,7,8,36,
114,Chick-Fil-A,Spicy Southwest Salad w/ Spicy Filet,salad,459g,850,60,12,0,105,2230,41,8,8,37,
115,Chick-Fil-A,Spicy Southwest Salad w/ Grilled Filet (Warm),salad,423g,680,48,9.5,0,110,1220,26,7,7,35,
116,Chick-Fil-A,Spicy Southwest Salad w/ No Chicken,salad,339g,570,47,9.5,0,35,850,25,7,6,14,
117,Chick-Fil-A,Market Salad,salad,326g,550,31,6,0,80,1010,42,5,26,28,
118,Chick-Fil-A,Market Salad w/ Grilled Filet (Cold),salad,326g,550,31,6,0,80,1010,42,5,26,28,
119,Chick-Fil-A,Market Salad w/ Spicy Grilled Filet (Cold),salad,326g,540,31,6,0,70,1360,42,6,27,26,
120,Chick-Fil-A,Market Salad w/ Chick-fil-A Chick-n-Strips®,salad,377g,750,43,8,0,85,1500,57,5,27,36,
121,Chick-Fil-A,Market Salad w/ Nuggets,salad,354g,700,40,8,0,90,1850,51,5,27,34,
122,Chick-Fil-A,Market Salad w/ Grilled Nuggets,salad,335g,570,32,6,0,95,1080,41,6,27,32,
123,Chick-Fil-A,Market Salad w/ Chick-fil-A® Filet,salad,356g,690,41,8,0,80,1760,53,5,27,31,
124,Chick-Fil-A,Market Salad w/ Spicy Filet,salad,361g,720,42,8,0,75,2020,56,6,27,30,
125,Chick-Fil-A,Market Salad w/ Grilled Filet (Warm),salad,325g,550,31,6,0,80,1010,42,5,26,28,
126,Chick-Fil-A,Market Salad w/ No Chicken,salad,241g,440,29,5.5,0,10,640,40,5,26,7,
127,Chick-Fil-A,Chick-fil-A Waffle Potato Fries®,salad,125g,420,24,4,0,0,240,45,5,1,5,
128,Chick-Fil-A,Small Chick-fil-A Waffle Potato Fries®,sides,96g,320,19,3,0,0,190,35,4,1,4,
129,Chick-Fil-A,Medium Chick-fil-A Waffle Potato Fries®,sides,125g,420,24,4,0,0,240,45,5,1,5,
130,Chick-Fil-A,Large Chick-fil-A Waffle Potato Fries®,sides,179g,600,35,5,0,0,340,65,7,1,7,
131,Chick-Fil-A,Fruit Cup,sides,125g,70,0,0,0,0,0,16,2,12,1,
132,Chick-Fil-A,Small Fruit Cup,sides,107g,60,0,0,0,0,0,14,2,11,1,
133,Chick-Fil-A,Medium Fruit Cup,sides,125g,70,0,0,0,0,0,16,2,12,1,
134,Chick-Fil-A,Large Fruit Cup,sides,215g,120,0,0,0,0,0,28,4,21,1,
135,Chick-Fil-A,Side Salad,sides,166g,470,42,8,0,35,700,14,4,5,6,
136,Chick-Fil-A,Mac & Cheese,sides,227g,450,29,16,0,70,1190,28,3,3,20,
137,Chick-Fil-A,Small Mac & Cheese,sides,136g,270,17,10,0,40,710,17,2,2,12,
138,Chick-Fil-A,Medium Mac & Cheese,sides,227g,450,29,16,0,70,1190,28,3,3,20,
139,Chick-Fil-A,Large Mac & Cheese,sides,425g,840,53,30,0.5,130,2230,53,5,6,38,
140,Chick-Fil-A,Chicken Noodle Soup,sides,233g,170,4,1,0,30,1220,25,1,1,10,
141,Chick-Fil-A,Cup of Chicken Noodle Soup,sides,233g,170,4,1,0,30,1220,25,1,1,10,
142,Chick-Fil-A,Bowl of Chicken Noodle Soup,sides,422g,280,6,2,0,55,2060,38,2,2,17,
143,Chick-Fil-A,Kale Crunch Side,sides,112g,170,12,1.5,0,0,250,13,4,8,4,
144,Chick-Fil-A,Berry Parfait,sides,206g,270,9,3.5,0,20,85,35,1,26,13,
145,Chick-Fil-A,Berry Parfait w/ Granola,sides,206g,270,9,3.5,0,20,85,35,1,26,13,
146,Chick-Fil-A,Berry Parfait w/ Cookie Crumbs,sides,195g,240,8,3.5,0,20,85,31,1,25,12,
147,Chick-Fil-A,Original Flavor Waffle Potato Chips,sides,43g,220,13,3.5,0,0,250,25,2,0,3,
148,Chick-Fil-A,Buddy Fruits® Apple Sauce,other,90g,45,0,0,0,0,0,12,1,8,0,
149,Chick-Fil-A,5 Ct Nuggets Kid's Meal,other,71g,160,7,1.5,0,50,760,7,0,1,17,
150,Chick-Fil-A,5 ct Chick-fil-A® Nuggets,other,71g,160,7,1.5,0,50,760,7,0,1,17,
151,Chick-Fil-A,Kid's Meal Sides,other,0g,0,0,0,0,0,0,0,0,0,0,
152,Chick-Fil-A,Meal Beverages,other,0g,0,0,0,0,0,0,0,0,0,0,
153,Chick-Fil-A,Prize,other,0g,0,0,0,0,0,0,0,0,0,0,
154,Chick-Fil-A,2 Ct Chick-n-Strips® Kid's Meal,other,91g,200,9,2,0,50,580,11,0,1,19,
155,Chick-Fil-A,2 ct Chick-fil-A Chick-n-Strips®,other,91g,200,9,2,0,50,580,11,0,1,19,
156,Chick-Fil-A,Kid's Meal Sides,other,0g,0,0,0,0,0,0,0,0,0,0,
157,Chick-Fil-A,Meal Beverages,other,0g,0,0,0,0,0,0,0,0,0,0,
158,Chick-Fil-A,Prize,other,0g,0,0,0,0,0,0,0,0,0,0,
159,Chick-Fil-A,5 Ct Grilled Nuggets Kid's Meal,other,59g,80,2,0,0,55,270,1,0,0,16,
160,Chick-Fil-A,5 ct Grilled Nuggets,other,59g,80,2,0,0,55,270,1,0,0,16,
161,Chick-Fil-A,Kid's Meal Sides,other,0g,0,0,0,0,0,0,0,0,0,0,
162,Chick-Fil-A,Meal Beverages,other,0g,0,0,0,0,0,0,0,0,0,0,
163,Chick-Fil-A,Prize,other,0g,0,0,0,0,0,0,0,0,0,0,
164,Chick-Fil-A,Cherry Berry Frosted Lemonade,drink,376g,370,7,4.5,0,25,140,71,0,64,7,
165,Chick-Fil-A,Cherry Berry Frosted Lemonade,drink,376g,370,7,4.5,0,25,140,71,0,64,7,
166,Chick-Fil-A,Cherry Berry Frosted Diet Lemonade,drink,376g,300,7,4.5,0,25,140,55,0,48,7,
167,Chick-Fil-A,Frosted Lemonade,drink,383g,350,7,4.5,0,25,135,67,0,65,7,
168,Chick-Fil-A,Frosted Lemonade,drink,383g,350,7,4.5,0,25,135,67,0,65,7,
169,Chick-Fil-A,Frosted Lemonade w/ Diet Lemonade,drink,383g,280,7,4.5,0,25,140,50,0,48,7,
170,Chick-Fil-A,Frosted Coffee,drink,374g,260,7,4.5,0,25,140,45,0,44,7,
171,Chick-Fil-A,Chocolate Chunk Cookie,treat,78g,370,17,9,0,15,230,49,3,26,5,
172,Chick-Fil-A,Chocolate Chunk Cookie,treat,78g,370,17,9,0,15,230,49,3,26,5,
173,Chick-Fil-A,6 pack Chocolate Chunk Cookie,treat,78g,370,17,9,0,15,230,49,3,26,5,
174,Chick-Fil-A,Chocolate Fudge Brownie,treat,85g,370,21,8,0,65,140,47,2,35,4,
175,Chick-Fil-A,Cookies & Cream Milkshake,treat,409g,630,25,15,1,85,430,91,1,84,13,
176,Chick-Fil-A,Chocolate Milkshake,treat,409g,600,22,13,1,85,360,93,1,90,12,
177,Chick-Fil-A,Strawberry Milkshake,treat,409g,560,18,11,0.5,70,370,92,1,86,10,
178,Chick-Fil-A,Vanilla Milkshake,treat,409g,580,23,15,1,90,390,82,1,80,13,
179,Chick-Fil-A,Chick-fil-A® Icedream® Cone,treat,135g,180,4,2.5,0,15,90,32,0,25,4,
180,Chick-Fil-A,Chick-fil-A® Icedream® Cup,treat,122g,140,3.5,2.5,0,15,75,24,0,24,4,
181,Chick-Fil-A,Cherry Berry & Sprite®,drink,683g,200,0,0,0,0,85,52,0,44,0,
182,Chick-Fil-A,Cherry Berry Beverages,drink,655g,230,0,0,0,0,0,58,0,47,0,
183,Chick-Fil-A,"Cherry Berry Sunjoy® (Sweet Tea, Lemonade)",drink,655g,230,0,0,0,0,0,58,0,47,0,
184,Chick-Fil-A,"Cherry Berry Sunjoy® (Sweet Tea, Diet Lemonade)",drink,655g,130,0,0,0,0,10,33,0,23,0,
185,Chick-Fil-A,"Cherry Berry Sunjoy® (Unsweet Tea, Lemonade)",drink,655g,170,0,0,0,0,0,41,0,31,0,
186,Chick-Fil-A,"Cherry Berry Sunjoy® (Unsweet Tea, Diet Lemonade)",drink,655g,70,0,0,0,0,10,16,0,6,0,
187,Chick-Fil-A,Cherry Berry Lemonade,drink,655g,260,0,0,0,0,0,66,0,53,0,
188,Chick-Fil-A,Cherry Berry Diet Lemonade,drink,655g,90,0,0,0,0,10,22,0,10,0,
189,Chick-Fil-A,Cherry Berry Sweet Tea,drink,655g,190,0,0,0,0,0,47,0,40,0,
190,Chick-Fil-A,Cherry Berry Unsweet Tea,drink,655g,40,0,0,0,0,0,9,0,1,0,
191,Chick-Fil-A,Freshly-Brewed Iced Tea Sweetened,drink,604g,120,0,0,0,0,0,31,0,30,0,
192,Chick-Fil-A,Small Freshly-Brewed Iced Tea Sweetened,drink,451g,90,0,0,0,0,0,22,0,22,0,
193,Chick-Fil-A,Medium Freshly-Brewed Iced Tea Sweetened,drink,604g,120,0,0,0,0,0,31,0,30,0,
194,Chick-Fil-A,Large Freshly-Brewed Iced Tea Sweetened,drink,893g,170,0,0,0,0,0,44,0,44,0,
195,Chick-Fil-A,Freshly-Brewed Iced Tea Unsweetened,drink,604g,0,0,0,0,0,0,0,0,0,0,
196,Chick-Fil-A,Small Freshly-Brewed Iced Tea Unsweetened,drink,451g,0,0,0,0,0,0,0,0,0,0,
197,Chick-Fil-A,Medium Freshly-Brewed Iced Tea Unsweetened,drink,604g,0,0,0,0,0,0,0,0,0,0,
198,Chick-Fil-A,Large Freshly-Brewed Iced Tea Unsweetened,drink,893g,0,0,0,0,0,0,0,0,0,0,
199,Chick-Fil-A,Chick-fil-A® Lemonade,drink,612g,260,0,0,0,0,0,66,0,60,0,
200,Chick-Fil-A,Small Chick-fil-A® Lemonade,drink,465g,190,0,0,0,0,0,49,0,45,0,
201,Chick-Fil-A,Medium Chick-fil-A® Lemonade,drink,612g,260,0,0,0,0,0,66,0,60,0,
202,Chick-Fil-A,Large Chick-fil-A® Lemonade,drink,916g,380,0,0,0,0,0,98,1,90,1,
203,Chick-Fil-A,Chick-fil-A® Diet Lemonade,drink,612g,60,0,0,0,0,10,15,0,11,0,
204,Chick-Fil-A,Small Chick-fil-A® Diet Lemonade,drink,465g,40,0,0,0,0,10,12,0,8,0,
205,Chick-Fil-A,Medium Chick-fil-A® Diet Lemonade,drink,612g,60,0,0,0,0,10,15,0,11,0,
206,Chick-Fil-A,Large Chick-fil-A® Diet Lemonade,drink,916g,80,0,0,0,0,15,23,0,17,0,
207,Chick-Fil-A,"Sunjoy® (1/2 Sweet Tea, 1/2 Lemonade)",drink,641g,240,0,0,0,0,0,60,0,57,0,
208,Chick-Fil-A,"Small Sunjoy® (1/2 Sweet Tea, 1/2 Lemonade)",drink,479g,180,0,0,0,0,0,45,0,43,0,
209,Chick-Fil-A,"Medium Sunjoy® (1/2 Sweet Tea, 1/2 Lemonade)",drink,641g,240,0,0,0,0,0,60,0,57,0,
210,Chick-Fil-A,"Large Sunjoy® (1/2 Sweet Tea, 1/2 Lemonade)",drink,944g,350,0,0,0,0,0,91,0,85,0,
211,Chick-Fil-A,"Sunjoy® (1/2 Sweet Tea, 1/2 Diet Lemonade)",drink,641g,110,0,0,0,0,5,29,0,26,0,
212,Chick-Fil-A,"Small Sunjoy® (1/2 Sweet Tea, 1/2 Diet Lemonade)",drink,479g,80,0,0,0,0,5,20,0,18,0,
213,Chick-Fil-A,"Medium Sunjoy® (1/2 Sweet Tea, 1/2 Diet Lemonade)",drink,641g,110,0,0,0,0,5,29,0,26,0,
214,Chick-Fil-A,"Large Sunjoy® (1/2 Sweet Tea, 1/2 Diet Lemonade)",drink,944g,150,0,0,0,0,10,40,0,36,0,
215,Chick-Fil-A,"Sunjoy® (1/2 Unsweet Tea, 1/2 Lemonade)",drink,641g,160,0,0,0,0,0,41,0,38,0,
216,Chick-Fil-A,"Small Sunjoy® (1/2 Unsweet Tea, 1/2 Lemonade)",drink,479g,130,0,0,0,0,0,33,0,30,0,
217,Chick-Fil-A,"Medium Sunjoy® (1/2 Unsweet Tea, 1/2 Lemonade)",drink,641g,160,0,0,0,0,0,41,0,38,0,
218,Chick-Fil-A,"Large Sunjoy® (1/2 Unsweet Tea, 1/2 Lemonade)",drink,944g,260,0,0,0,0,0,66,0,60,0,
219,Chick-Fil-A,"Sunjoy® (1/2 Unsweet Tea, 1/2 Diet Lemonade)",drink,641g,35,0,0,0,0,5,10,0,7,0,
220,Chick-Fil-A,"Small Sunjoy® (1/2 Unsweet Tea, 1/2 Diet Lemonade)",drink,479g,30,0,0,0,0,5,8,0,6,0,
221,Chick-Fil-A,"Medium Sunjoy® (1/2 Unsweet Tea, 1/2 Diet Lemonade)",drink,641g,35,0,0,0,0,5,10,0,7,0,
222,Chick-Fil-A,"Large Sunjoy® (1/2 Unsweet Tea, 1/2 Diet Lemonade)",drink,944g,60,0,0,0,0,10,15,0,11,0,
223,Chick-Fil-A,CranLime Lemonade,drink,641g,250,0,0,0,0,10,65,0,59,0,
224,Chick-Fil-A,CranLime Lemonade,drink,641g,250,0,0,0,0,10,65,0,59,0,
225,Chick-Fil-A,CranLime Diet Lemonade,drink,641g,70,0,0,0,0,20,19,0,15,0,
226,Chick-Fil-A,Iced Coffee,drink,661g,200,4,2.5,0,20,110,34,0,34,7,
227,Chick-Fil-A,Iced Coffee,drink,661g,200,4,2.5,0,20,110,34,0,34,7,
228,Chick-Fil-A,Vanilla Iced Coffee,drink,661g,200,4,2.5,0,20,115,34,0,32,7,
229,Chick-Fil-A,Coca-Cola®,drink,584g,170,0,0,0,0,45,46,0,46,0,
230,Chick-Fil-A,Small Coca-Cola®,drink,451g,130,0,0,0,0,35,35,0,35,0,
231,Chick-Fil-A,Medium Coca-Cola®,drink,584g,170,0,0,0,0,45,46,0,46,0,
232,Chick-Fil-A,Large Coca-Cola®,drink,859g,250,0,0,0,0,65,68,0,68,0,
233,Chick-Fil-A,Dr Pepper®,drink,584g,170,0,0,0,0,50,44,0,44,0,
234,Chick-Fil-A,Small Dr Pepper®,drink,451g,130,0,0,0,0,40,34,0,34,0,
235,Chick-Fil-A,Medium Dr Pepper®,drink,584g,170,0,0,0,0,50,44,0,44,0,
236,Chick-Fil-A,Large Dr Pepper®,drink,859g,250,0,0,0,0,75,64,0,64,0,
237,Chick-Fil-A,Red Flash,drink,584g,180,0,0,0,0,45,48,0,48,0,
238,Chick-Fil-A,Small Red Flash,drink,451g,140,0,0,0,0,35,36,0,36,0,
239,Chick-Fil-A,Medium Red Flash,drink,584g,180,0,0,0,0,45,48,0,48,0,
240,Chick-Fil-A,Large Red Flash,drink,859g,260,0,0,0,0,70,70,0,70,0,
241,Chick-Fil-A,DASANI® Bottled Water,drink,479g,0,0,0,0,0,0,0,0,0,0,
242,Chick-Fil-A,Honest Kids® Apple Juice,drink,170g,35,0,0,0,0,15,9,0,8,0,
243,Chick-Fil-A,Simply Orange®,drink,326g,160,0,0,0,0,10,34,0,30,2,
244,Chick-Fil-A,1% Chocolate Milk,drink,198g,140,2,1.5,0,10,160,23,0,21,7,
245,Chick-Fil-A,1% Milk,drink,213g,90,2,1.5,0,10,105,10,0,10,7,
246,Chick-Fil-A,Coffee,drink,340g,0,0,0,0,0,10,0,0,0,0,
247,Chick-Fil-A,Seasonal Gallon Beverages,drink,3941g,2080,0,0,0,0,20,522,1,443,2,
248,Chick-Fil-A,"Gallon Cherry Berry Sunjoy® (1/2 Sweet Tea, 1/2 Lemonade)",drink,3941g,2080,0,0,0,0,20,522,1,443,2,
249,Chick-Fil-A,"Gallon Cherry Berry Sunjoy® (1/2 Unsweet Tea, 1/2 Lemonade)",drink,3941g,1270,0,0,0,0,20,314,1,235,2,
250,Chick-Fil-A,"Gallon Cherry Berry Sunjoy® (1/2 Sweet Tea, 1/2 Diet Lemonade)",drink,3941g,1310,1,0,0,0,60,331,1,256,2,
251,Chick-Fil-A,"Gallon Cherry Berry Sunjoy® (1/2 Unsweet Tea, 1/2 Diet Lemonade)",drink,3941g,510,1,0,0,0,60,123,1,48,2,
252,Chick-Fil-A,Gallon Cherry Berry Iced Tea (Sweet),drink,3941g,1760,0,0,0,0,20,442,0,382,0,
253,Chick-Fil-A,Gallon Cherry Berry Iced Tea (Unsweet),drink,3941g,290,0,0,0,0,20,64,0,5,0,
254,Chick-Fil-A,Gallon Cherry Berry Lemonade,drink,3941g,2470,0,0,0,0,20,622,3,517,4,
255,Chick-Fil-A,Gallon Cherry Berry Diet Lemonade,drink,3941g,770,1.5,0,0,0,115,195,2,100,3,
256,Chick-Fil-A,Gallon Beverages,drink,3884g,2190,0,0,0,0,0,562,3,516,4,
257,Chick-Fil-A,Gallon Chick-fil-A® Lemonade,drink,3884g,2190,0,0,0,0,0,562,3,516,4,
258,Chick-Fil-A,Gallon Chick-fil-A® Diet Lemonade,drink,3716g,460,1.5,0,0,0,95,126,2,91,3,
259,Chick-Fil-A,"Gallon Chick-fil-A® Lemonade (1/2 Lemonade, 1/2 Diet Lemonade)",drink,3989g,1390,0.5,0,0,0,40,389,1,350,1,
260,Chick-Fil-A,Gallon Freshly-Brewed Iced Tea Sweetened,drink,3996g,1510,0,0,0,0,0,391,0,391,0,
261,Chick-Fil-A,Gallon Freshly-Brewed Iced Tea Unsweetened,drink,3808g,0,0,0,0,0,0,0,0,0,0,
262,Chick-Fil-A,"Gallon Chick-fil-A® Iced Tea (1/2 Sweet Tea, 1/2 Unsweet Tea)",drink,3904g,790,0,0,0,0,0,205,0,205,0,
263,Chick-Fil-A,"Gallon Sunjoy® (1/2 Sweet Tea, 1/2 Lemonade)",drink,4176g,1970,0,0,0,0,0,506,2,481,2,
264,Chick-Fil-A,"Gallon Sunjoy® (1/2 Sweet Tea, 1/2 Diet Lemonade)",drink,3997g,1030,1,0,0,0,50,270,1,252,1,
265,Chick-Fil-A,"Gallon Sunjoy® (1/2 Unsweet Tea, 1/2 Lemonade)",drink,3898g,1170,0,0,0,0,0,301,2,276,2,
266,Chick-Fil-A,"Gallon Sunjoy® (1/2 Unsweet Tea, 1/2 Diet Lemonade)",drink,3719g,240,1,0,0,0,50,65,1,47,1,
267,Chick-Fil-A,Bag of Ice,other,28g,0,0,0,0,0,0,0,0,0,0,
268,Chick-Fil-A,Ice Products,other,298g,0,0,0,0,0,0,0,0,0,0,
269,Chick-Fil-A,Medium Cup of Ice,other,298g,0,0,0,0,0,0,0,0,0,0,
270,Chick-Fil-A,Bag of Ice,other,28g,0,0,0,0,0,0,0,0,0,0,
271,Chick-Fil-A,Peach Tea Beverages,other,654g,160,0,0,0,0,0,42,0,42,0,
272,Chick-Fil-A,Peach Tea,other,654g,160,0,0,0,0,0,42,0,42,0,
273,Chick-Fil-A,Peach Unsweet Tea,other,654g,15,0,0,0,0,0,4,0,4,0,
274,Chick-Fil-A,Barbeque Sauce,other,28g,45,0,0,0,0,200,11,0,9,0,
275,Chick-Fil-A,Chick-fil-A® Sauce,other,28g,140,13,2,0,10,170,6,0,6,0,
276,Chick-Fil-A,Garden Herb Ranch Sauce,other,21g,100,11,2,0,10,170,1,0,0,0,
277,Chick-Fil-A,Honey Mustard Sauce,other,28g,50,0,0,0,0,160,11,0,10,0,
278,Chick-Fil-A,Polynesian Sauce,other,28g,110,6,1,0,0,210,14,0,13,0,
279,Chick-Fil-A,Sweet & Spicy Sriracha Sauce,other,28g,45,0,0,0,0,380,11,0,10,0,
280,Chick-Fil-A,Zesty Buffalo Sauce,other,21g,25,2.5,0,0,5,570,1,0,0,0,
281,Chick-Fil-A,Honey Roasted BBQ Sauce,other,12g,60,5,1,0,5,75,3,0,2,0,
282,Chick-Fil-A,Avocado Lime Ranch Dressing,other,57g,310,32,5,0,25,520,3,1,2,1,
283,Chick-Fil-A,Creamy Salsa Dressing,other,57g,290,31,5,0,25,630,2,0,1,1,
284,Chick-Fil-A,Fat-Free Honey Mustard Dressing,other,57g,90,0,0,0,0,330,22,1,18,0,
285,Chick-Fil-A,Garden Herb Ranch Dressing,other,57g,280,29,5,0,25,440,2,0,1,1,
286,Chick-Fil-A,Light Balsamic Vinaigrette Dressing,other,57g,80,4,0.5,0,0,360,10,0,9,0,
287,Chick-Fil-A,Light Italian Dressing,other,57g,25,1,0,0,0,470,3,0,2,0,
288,Chick-Fil-A,Zesty Apple Cider Vinaigrette Dressing,other,56g,230,19,3,0,0,450,16,0,14,0,
289,Chick-Fil-A,Gluten Free Bun,other,79g,180,3.5,0,0,0,400,37,2,7,3,
290,Chick-Fil-A,Buttery White Bun,other,60g,180,6,1,0,0,240,29,1,4,5,
291,Chick-Fil-A,Multigrain Brioche Bun,other,71g,210,4.5,1,0,0,310,38,3,7,7,
292,Chick-Fil-A,White Bun (Unbuttered),other,54g,150,1,0,0,0,240,28,1,4,5,
293,Chick-Fil-A,Grilled Breakfast Filet,other,50g,60,1,0,0,40,420,0,0,0,13,
294,Chick-Fil-A,Bacon,other,10g,50,3.5,1.5,0,10,210,0,0,0,4,
295,Chick-Fil-A,Chick-fil-A® Breakfast Filet,other,71g,160,8,1.5,0,45,750,8,0,2,15,
296,Chick-Fil-A,Sausage,other,57g,240,22,8,0,35,430,1,0,0,11,
297,Chick-Fil-A,Spicy Breakfast Filet,other,71g,150,7,1.5,0,40,810,7,0,1,15,
298,Chick-Fil-A,Grilled Filet,other,84g,110,2,0,0,70,370,1,0,1,21,
299,Chick-Fil-A,Spicy Filet,other,120g,280,13,2.5,0,65,1390,16,1,2,23,
300,Chick-Fil-A,Chick-fil-A® Filet,other,115g,250,12,2.5,0,70,1120,12,0,1,24,
301,Chick-Fil-A,Blue Cheese Crumbles,other,9g,30,2.5,1.5,0,10,110,0,0,0,2,
302,Chick-Fil-A,Chili Lime Pepitas,other,14g,80,7,1,0,0,50,2,1,0,4,
303,Chick-Fil-A,Crispy Bell Peppers,other,14g,80,6,0,0,0,75,6,0,0,1,
304,Chick-Fil-A,Harvest Nut Granola,other,14g,70,2,0,0,0,35,10,0,4,1,
305,Chick-Fil-A,Roasted Nut Blend,other,10g,70,6,0.5,0,0,0,2,1,1,1,
306,Chick-Fil-A,Seasoned Tortilla Strips,other,14g,70,4,0,0,0,55,8,1,0,1,
307,Chick-Fil-A,Bacon,other,10g,50,3.5,1.5,0,10,210,0,0,0,4,
308,Chick-Fil-A,Lettuce,other,20g,5,0,0,0,0,5,1,0,0,0,
309,Chick-Fil-A,Tomato,other,30g,5,0,0,0,0,0,1,0,1,0,
310,Chick-Fil-A,American Cheese,other,14g,50,4.5,2.5,0,15,230,1,0,0,3,
311,Chick-Fil-A,Colby Jack Cheese,other,21g,80,7,4,0,20,140,0,0,0,5,
312,Chick-Fil-A,Pepper Jack Cheese,other,21g,80,6,4,0,20,140,0,0,0,4,
313,Chick-Fil-A,Saltines,other,12g,50,1,0,0,0,180,9,0,0,1,
314,Chick-Fil-A,Grilled Chicken Bundle  (per sandwich),other,234g,460,18,8,0,120,1070,32,3,8,41,
315,Chick-Fil-A,Pretzel Cheddar Club Grilled Bundle  (per bundle),other,262g,500,18,7,0,110,940,46,2,6,38,
316,Chick-Fil-A,Hot Chick-fil-A® Nugget Trays,other,14g,30,1.5,0,0,10,150,1,0,0,3,
317,Chick-Fil-A,Small Hot Chick-fil-A® Nuggets Tray  (per nugget),other,14g,30,1.5,0,0,10,150,1,0,0,3,
318,Chick-Fil-A,Medium Hot Chick-fil-A® Nuggets Tray  (per nugget),other,14g,30,1.5,0,0,10,150,1,0,0,3,
319,Chick-Fil-A,Large Hot Chick-fil-A® Nuggets Tray  (per nugget),other,14g,30,1.5,0,0,10,150,1,0,0,3,
320,Chick-Fil-A,30 ct Chick-fil-A® Nuggets Heart-Shaped Tray  (per tray),other,425g,950,43,9,0,315,4550,41,0,4,100,
321,Chick-Fil-A,Chilled Chick-fil-A® Nugget Trays,other,14g,30,1.5,0,0,10,150,1,0,0,3,
322,Chick-Fil-A,Small Chilled Chick-fil-A® Nuggets Tray  (per nugget),other,14g,30,1.5,0,0,10,150,1,0,0,3,
323,Chick-Fil-A,Medium Chilled Chick-fil-A® Nuggets Tray  (per nugget),other,14g,30,1.5,0,0,10,150,1,0,0,3,
324,Chick-Fil-A,Large Chilled Chick-fil-A® Nuggets Tray  (per nugget),other,14g,30,1.5,0,0,10,150,1,0,0,3,
325,Chick-Fil-A,Hot Chick-n-Strips® Trays,other,47g,110,5,1,0,25,300,6,0,1,10,
326,Chick-Fil-A,Small Hot Chick-n-Strips® Tray  (per chick-n-strip),other,47g,110,5,1,0,25,300,6,0,1,10,
327,Chick-Fil-A,Medium Hot Chick-n-Strips® Tray  (per chick-n-strip),other,47g,110,5,1,0,25,300,6,0,1,10,
328,Chick-Fil-A,Large Hot Chick-n-Strips® Tray  (per chick-n-strip),other,47g,110,5,1,0,25,300,6,0,1,10,
329,Chick-Fil-A,Chilled Chick-n-Strips® Trays,other,47g,110,5,1,0,25,300,6,0,1,10,
330,Chick-Fil-A,Small Chilled Chick-n-Strips® (Cooked & Chilled for Later) Tray  (per chick-n-strip),other,47g,110,5,1,0,25,300,6,0,1,10,
331,Chick-Fil-A,Medium Chilled Chick-n-Strips® (Cooked & Chilled for Later) Tray  (per chick-n-strip),other,47g,110,5,1,0,25,300,6,0,1,10,
332,Chick-Fil-A,Large Chilled Chick-n-Strips® (Cooked & Chilled for Later) Tray  (per chick-n-strip),other,47g,110,5,1,0,25,300,6,0,1,10,
333,Chick-Fil-A,Chilled Grilled Chicken Sub Sandwich Tray,other,115g,220,6,2.5,0,45,490,25,2,4,18,
334,Chick-Fil-A,Small Chilled Grilled Chicken Sub Sandwich Tray  (per half sandwich),other,115g,220,6,2.5,0,45,490,25,2,4,18,
335,Chick-Fil-A,Medium Chilled Grilled Chicken Sub Sandwich Tray  (per half sandwich),other,115g,220,6,2.5,0,45,490,25,2,4,18,
336,Chick-Fil-A,Large Chilled Grilled Chicken Sub Sandwich Tray  (per half sandwich),other,115g,220,6,2.5,0,45,490,25,2,4,18,
337,Chick-Fil-A,Spicy Chilled Grilled Chicken Sub Sandwich Tray,other,115g,220,6,2.5,0,40,660,25,2,5,16,
338,Chick-Fil-A,Small Spicy Chilled Grilled Chicken Sub Sandwich Tray  (per half sandwich),other,115g,220,6,2.5,0,40,660,25,2,5,16,
339,Chick-Fil-A,Medium Spicy Chilled Grilled Chicken Sub Sandwich Tray  (per half sandwich),other,115g,220,6,2.5,0,40,660,25,2,5,16,
340,Chick-Fil-A,Large Spicy Chilled Grilled Chicken Sub Sandwich Tray  (per half sandwich),other,115g,220,6,2.5,0,40,660,25,2,5,16,
341,Chick-Fil-A,Chick-fil-A® Cool Wrap Trays,other,116g,170,7,2,0,45,450,15,6,1,21,
342,Chick-Fil-A,Small Chick-fil-A® Cool Wrap Tray  (per half wrap),other,116g,170,7,2,0,45,450,15,6,1,21,
343,Chick-Fil-A,Medium Chick-fil-A® Cool Wrap Tray  (per half wrap),other,116g,170,7,2,0,45,450,15,6,1,21,
344,Chick-Fil-A,Large Chick-fil-A® Cool Wrap Tray  (per half wrap),other,116g,170,7,2,0,45,450,15,6,1,21,
345,Chick-Fil-A,Southwest Veggie Wrap Trays,other,128g,170,8,3,0,10,310,17,8,2,13,
346,Chick-Fil-A,Small Southwest Veggie Wrap Tray  (per half wrap),other,128g,170,8,3,0,10,310,17,8,2,13,
347,Chick-Fil-A,Medium Southwest Veggie Wrap Tray  (per half wrap),other,128g,170,8,3,0,10,310,17,8,2,13,
348,Chick-Fil-A,Large Southwest Veggie Wrap Tray  (per half wrap),other,128g,170,8,3,0,10,310,17,8,2,13,
349,Chick-Fil-A,Spicy Cool Wrap® Trays,other,116g,170,7,2,0,40,630,15,7,2,20,
350,Chick-Fil-A,Small Spicy Cool Wrap® Tray  (per half wrap),other,116g,170,7,2,0,40,630,15,7,2,20,
351,Chick-Fil-A,Medium Spicy Cool Wrap® Tray  (per half wrap),other,116g,170,7,2,0,40,630,15,7,2,20,
352,Chick-Fil-A,Large Spicy Cool Wrap® Tray  (per half wrap),other,116g,170,7,2,0,40,630,15,7,2,20,
353,Chick-Fil-A,Fruit Tray,other,1446g,780,0,0,0,0,0,182,29,134,8,
354,Chick-Fil-A,Small Fruit Tray  (per tray),other,1446g,780,0,0,0,0,0,182,29,134,8,
355,Chick-Fil-A,Large Fruit Tray  (per tray),other,2948g,1580,0,0,0,0,0,369,58,273,16,
356,Chick-Fil-A,Mac & Cheese Tray,other,2482g,4930,312,178,3.5,750,13030,308,31,36,221,
357,Chick-Fil-A,Small Mac & Cheese Tray  (per tray),other,2482g,4930,312,178,3.5,750,13030,308,31,36,221,
358,Chick-Fil-A,Large Mac & Cheese Tray  (per tray),other,4964g,9850,625,355,7,1500,26060,616,63,71,442,
359,Chick-Fil-A,Garden Salad Tray,other,595g,310,18,11,0.5,55,420,20,9,11,19,
360,Chick-Fil-A,Small Garden Salad Tray  (per tray),other,595g,310,18,11,0.5,55,420,20,9,11,19,
361,Chick-Fil-A,Large Garden Salad Tray  (per tray),other,1191g,630,36,23,1,110,850,41,17,21,38,
362,Chick-Fil-A,Kale Crunch Side Tray,other,610g,1160,87,9,0,0,1420,77,23,42,30,
363,Chick-Fil-A,Small Kale Crunch Side Tray  (per tray),other,610g,1160,87,9,0,0,1420,77,23,42,30,
364,Chick-Fil-A,Large Kale Crunch Side Tray  (per tray),other,1332g,2440,182,20,1,0,3080,166,49,92,63,
365,Chick-Fil-A,Chocolate Chunk Cookie Tray,other,78g,370,17,9,0,15,230,49,3,26,5,
366,Chick-Fil-A,Small Chocolate Chunk Cookie Tray  (per cookie),other,78g,370,17,9,0,15,230,49,3,26,5,
367,Chick-Fil-A,Large Chocolate Chunk Cookie Tray  (per cookie),other,78g,370,17,9,0,15,230,49,3,26,5,
368,Chick-Fil-A,Chocolate Fudge Brownie Tray,other,43g,190,10,4,0,35,70,23,1,18,2,
369,Chick-Fil-A,Small Chocolate Fudge Brownie Tray  (per brownie half),other,43g,190,10,4,0,35,70,23,1,18,2,
370,Chick-Fil-A,Large Chocolate Fudge Brownie Tray  (per brownie half),other,43g,190,10,4,0,35,70,23,1,18,2,
371,Chick-Fil-A,Cookie & Brownie Tray,other,60g,280,14,7,0,25,150,36,2,22,3,
372,Chick-Fil-A,Small Chocolate Chunk Cookie and Chocolate Fudge Brownie Tray  (per cookie/ per brownie half),other,60g,280,14,7,0,25,150,36,2,22,3,
373,Chick-Fil-A,Large Chocolate Chunk Cookie and Chocolate Fudge Brownie Tray  (per cookie/ per brownie half),other,60g,280,14,7,0,25,150,36,2,22,3,
374,Chick-Fil-A,Chick-fil-A® Chicken Sandwich,other,183g,420,18,3.5,0,70,1460,41,1,6,29,
375,Chick-Fil-A,Spicy Chicken Sandwich,other,188g,450,19,4,0,65,1730,45,1,6,28,
376,Chick-Fil-A,Chick-fil-A® Nuggets,other,113g,250,11,2.5,0,85,1210,11,0,1,27,
377,Chick-Fil-A,5 ct Chick-fil-A® Nuggets,other,71g,160,7,1.5,0,50,760,7,0,1,17,
378,Chick-Fil-A,8 ct Chick-fil-A® Nuggets,other,113g,250,11,2.5,0,85,1210,11,0,1,27,
379,Chick-Fil-A,12 ct Chick-fil-A® Nuggets,other,170g,380,17,3.5,0,125,1820,16,0,1,40,
380,Chick-Fil-A,Chilled Grilled Chicken Sub Sandwich,other,230g,500,17,6,0,95,1055,52,5,11,36,
381,Chick-Fil-A,Spicy Chilled Grilled Chicken Sub Sandwich,other,230g,500,17,6,0,90,1405,53,5,11,34,
382,Chick-Fil-A,Seasonal Gallon Beverages,other,3941g,2080,0,0,0,0,20,522,1,443,2,
383,Chick-Fil-A,Gallon Cherry Berry Lemonade,other,3941g,2470,0,0,0,0,20,622,3,517,4,
384,Chick-Fil-A,Gallon Cherry Berry Diet Lemonade,other,3941g,770,1.5,0,0,0,115,195,2,100,3,
385,Chick-Fil-A,"Gallon Cherry Berry Sunjoy® (1/2 Sweet Tea, 1/2 Lemonade)",other,3941g,2080,0,0,0,0,20,522,1,443,2,
386,Chick-Fil-A,"Gallon Cherry Berry Sunjoy® (1/2 Unsweet Tea, 1/2 Lemonade)",other,3941g,1270,0,0,0,0,20,314,1,235,2,
387,Chick-Fil-A,"Gallon Cherry Berry Sunjoy® (1/2 Sweet Tea, 1/2 Diet Lemonade)",other,3941g,1310,1,0,0,0,60,331,1,256,2,
388,Chick-Fil-A,"Gallon Cherry Berry Sunjoy® (1/2 Unsweet Tea, 1/2 Diet Lemonade)",other,3941g,510,1,0,0,0,60,123,1,48,2,
389,Chick-Fil-A,Gallon Cherry Berry Iced Tea (Sweet),other,3941g,1760,0,0,0,0,20,442,0,382,0,
390,Chick-Fil-A,Gallon Cherry Berry Iced Tea (Unsweet),other,3941g,290,0,0,0,0,20,64,0,5,0,
391,Chick-Fil-A,Gallon Freshly-Brewed Iced Tea Sweetened,other,3996g,1510,0,0,0,0,0,391,0,391,0,
392,Chick-Fil-A,Gallon Freshly-Brewed Iced Tea Unsweetened,other,3808g,0,0,0,0,0,0,0,0,0,0,
393,Chick-Fil-A,"Gallon Chick-fil-A® Iced Tea (1/2 Sweet Tea, 1/2 Unsweet Tea)",other,3904g,790,0,0,0,0,0,205,0,205,0,
394,Chick-Fil-A,Gallon Chick-fil-A® Lemonade,other,3884g,2190,0,0,0,0,0,562,3,516,4,
395,Chick-Fil-A,Gallon Chick-fil-A® Diet Lemonade,other,3716g,460,1.5,0,0,0,95,126,2,91,3,
396,Chick-Fil-A,"Gallon Chick-fil-A® Lemonade (1/2 Lemonade, 1/2 Diet Lemonade)",other,3989g,1390,0.5,0,0,0,40,389,1,350,1,
397,Chick-Fil-A,"Gallon Sunjoy® (1/2 Sweet Tea, 1/2 Lemonade)",other,4176g,1970,0,0,0,0,0,506,2,481,2,
398,Chick-Fil-A,"Gallon Sunjoy® (1/2 Sweet Tea, 1/2 Diet Lemonade)",other,3997g,1030,1,0,0,0,50,270,1,252,1,
399,Chick-Fil-A,"Gallon Sunjoy® (1/2 Unsweet Tea, 1/2 Lemonade)",other,3898g,1170,0,0,0,0,0,301,2,276,2,
400,Chick-Fil-A,"Gallon Sunjoy® (1/2 Unsweet Tea, 1/2 Diet Lemonade)",other,3719g,240,1,0,0,0,50,65,1,47,1,
401,Chick-Fil-A,DASANI® Bottled Water,other,479g,0,0,0,0,0,0,0,0,0,0,
402,Chick-Fil-A,Simply Orange®,other,326g,160,0,0,0,0,10,34,0,30,2,
403,Chick-Fil-A,Bottled Sweet Tea,other,506g,190,0,0,0,0,0,50,0,49,0,
404,Chick-Fil-A,Bottled Unsweet Tea,other,486g,30,0,0,0,0,5,9,0,6,0,
405,Chick-Fil-A,Bottled Lemonade,other,520g,280,0,0,0,0,10,73,0,69,0,
406,Chick-Fil-A,Bottled Diet Lemonade,other,492g,60,0,0,0,0,10,17,0,12,0,
407,Chick-Fil-A,Honest Kids® Apple Juice,other,170g,35,0,0,0,0,15,9,0,8,0,
408,Chick-Fil-A,1% Milk,other,213g,90,2,1.5,0,10,105,10,0,10,7,
409,Chick-Fil-A,1% Chocolate Milk,other,198g,140,2,1.5,0,10,160,23,0,21,7,
410,Chick-Fil-A,Bag of Ice,other,28g,0,0,0,0,0,0,0,0,0,0,
411,Chick-Fil-A,Ice Scoop,other,0g,0,0,0,0,0,0,0,0,0,0,
412,Chick-Fil-A,Ice Bucket and Scoop,other,0g,0,0,0,0,0,0,0,0,0,0,
413,Chick-Fil-A,Catering Coffee,other,2722g,0,0,0,0,0,80,0,0,0,0,



